,Street Name,From,To,Day of Month,Time
0,acroft,1400.0,1498.0,1st Fri,AM
1,acroft,1401.0,1499.0,1st Fri,AM
2,acton,1201.0,1301.0,1st Fri,PM
3,acton,1330.0,1398.0,2nd Mon,PM
4,acton,1329.0,1949.0,2nd Mon,PM
5,acton,1330.0,1599.0,1st Thurs,PM
6,acton,1331.0,1499.0,1st Wed,PM
7,acton,1500.0,1648.0,1st Thurs,PM
8,acton,1601.0,1699.0,1st Wed,PM
9,acton,1651.0,2099.0,1st Thurs,PM
10,acton,1651.0,1999.0,1st Wed,PM
11,acton,2000.0,2498.0,2nd Mon,AM
12,acton,2001.0,2499.0,1st Fri,AM
13,acton,2500.0,3122.0,2nd Fri,AM
14,acton,2501.0,3199.0,2nd Thurs,AM
15,acton,2100.0,2198.0,1st Fri,AM
16,acton,2101.0,2199.0,1st Fri,AM
17,acton,1400.0,1498.0,1st Fri,AM
18,acton,1401.0,1499.0,1st Fri,AM
19,ada,1360.0,1498.0,1st Thurs,PM
20,ada,1381.0,1399.0,1st Wed,PM
21,ada,1401.0,1499.0,1st Wed,PM
22,ada,1500.0,1598.0,2nd Fri,PM
23,ada,1501.0,1599.0,2nd Thurs,PM
24,ada,1501.0,1599.0,2nd Thurs,PM
25,addison,830.0,1498.0,2nd Mon,AM
26,addison,831.0,1499.0,1st Fri,AM
27,addison,1500.0,1898.0,1st Mon,AM
28,addison,1501.0,1899.0,1st Tue,AM
29,the alameda,1200.0,1298.0,2nd Fri,PM
30,the alameda,1201.0,1299.0,2nd Thurs,PM
31,albina,1300.0,1328.0,2nd Mon,PM
32,albina,1301.0,1399.0,1st Fri,PM
33,alcatraz,1700.0,1998.0,4th Fri,PM
34,alcatraz,1701.0,1899.0,4th Thurs,PM
35,alcatraz,2700.0,2798.0,3rd Tue,AM
36,alcatraz,2701.0,2799.0,3rd Wed,AM
37,allston,900.0,1498.0,1st Fri,AM
38,allston,831.0,1499.0,2nd Mon,AM
39,allston,1500.0,1898.0,1st Tue,AM
40,allston,1501.0,1899.0,1st Mon,AM
41,alvarado,1.0,141.0,4th Tue,AM
42,alvarado,1.0,55.0,3rd Fri,AM
43,alvarado,116.0,144.0,4th Tue,AM
44,arlington,300.0,974.0,4th Fri,PM
45,arlington,501.0,899.0,4th Thurs,PM
46,ashby,2700.0,2799.0,4th Tue,AM
47,ashby,2700.0,2798.0,3rd Fri,AM
48,avalon,2940.0,2998.0,4th Wed,AM
49,avalon,3001.0,3099.0,4th Mon,AM
50,avalon,3000.0,3098.0,4th Wed,AM
51,avalon,3001.0,3099.0,4th Wed,AM
52,baker,3124.0,3204.0,2nd Thurs,AM
53,baker,3206.0,3248.0,2nd Fri,AM
54,bancroft,830.0,1498.0,2nd Mon,AM
55,bancroft,901.0,1499.0,1st Fri,AM
56,bancroft,1500.0,1898.0,1st Mon,AM
57,bancroft,1501.0,1899.0,1st Tue,AM
58,bancroft,2800.0,2898.0,4th Wed,PM
59,bancroft,2801.0,2899.0,4th Tue,PM
60,bataan,900.0,998.0,1st Mon,PM
61,bataan,901.0,999.0,1st Mon,PM
62,belvedere,1500.0,1698.0,1st Wed,PM
63,belvedere,1501.0,1699.0,1st Thurs,PM
64,benvenue,2500.0,2698.0,4th Fri,AM
65,benvenue,2501.0,2699.0,4th Thurs,AM
66,benvenue,2700.0,3098.0,4th Tue,AM
67,benvenue,2701.0,3099.0,3rd Fri,AM
68,berkeley,1300.0,1498.0,1st Wed,PM
69,berkeley,1301.0,1499.0,1st Thurs,PM
70,berkeley,1500.0,1698.0,2nd Tue,PM
71,berkeley,1700.0,1998.0,2nd Tue,PM
72,berkeley,1501.0,1999.0,2nd Wed,PM
73,berkeley,2000.0,2198.0,3rd Tue,PM
74,berkeley,2001.0,2199.0,3rd Mon,PM
75,berryman,1800.0,1820.0,2nd Thurs,PM
76,berryman,1801.0,1819.0,2nd Thurs,PM
77,berryman,1820.0,1998.0,2nd Fri,PM
78,blake,1100.0,1498.0,2nd Wed,AM
79,blake,1101.0,1499.0,2nd Tue,AM
80,blake,1500.0,1998.0,1st Tue,AM
81,blake,1501.0,1999.0,1st Mon,AM
82,blake,2000.0,2198.0,3rd Tue,AM
83,blake,2001.0,2199.0,3rd Mon,AM
84,blake,2200.0,2498.0,4th Thurs,AM
85,blake,2201.0,2499.0,4th Fri,AM
86,boise,3124.0,3248.0,2nd Fri,AM
87,boise,3201.0,3299.0,2nd Thurs,AM
88,bonar,2000.0,2498.0,2nd Mon,AM
89,bonar,2001.0,2499.0,1st Fri,AM
90,bonita,1200.0,1598.0,2nd Thurs,PM
91,bonita,1201.0,1599.0,2nd Fri,PM
92,bonita,1600.0,1698.0,2nd Wed,PM
93,bonita,1600.0,1698.0,2nd Tue,PM
94,bonita,1801.0,1899.0,2nd Tue,PM
95,bonita,1801.0,1899.0,2nd Tue,PM
96,bonita,1900.0,1923.0,2nd Tue,PM
97,bridge,0.0,30.0,4th Tue,AM
98,bridge,1.0,29.0,3rd Fri,AM
99,brookside,2.0,40.0,4th Tue,AM
100,brookside,1.0,39.0,4th Tue,AM
101,brookside,100.0,190.0,4th Tue,AM
102,browning,2100.0,2498.0,1st Fri,AM
103,browning,2101.0,2499.0,2nd Mon,AM
104,buena,1521.0,1526.0,2nd Thurs,PM
105,buena,1530.0,1738.0,2nd Thurs,PM
106,buena,1501.0,1599.0,2nd Thurs,PM
107,buena,1501.0,1699.0,2nd Fri,PM
108,burnett,1200.0,1498.0,2nd Tue,AM
109,burnett,1201.0,1399.0,2nd Wed,AM
110,byron,2100.0,2498.0,1st Fri,AM
111,byron,2101.0,2499.0,2nd Mon,AM
112,california,1330.0,1798.0,2nd Tue,PM
113,california,1400.0,1598.0,2nd Thurs,PM
114,california,1401.0,1599.0,2nd Fri,PM
115,california,1600.0,1798.0,2nd Wed,PM
116,california,1601.0,1799.0,2nd Tue,PM
117,california,1900.0,1998.0,2nd Wed,PM
118,california,1901.0,1999.0,2nd Tue,PM
119,california,2000.0,2898.0,1st Wed,AM
120,california,2001.0,2899.0,1st Thurs,AM
121,california,2900.0,3398.0,1st Wed,AM
122,california,2901.0,3499.0,1st Thurs,AM
123,camelia,830.0,1098.0,1st Mon,PM
124,camelia,831.0,1099.0,1st Tue,PM
125,camelia,1100.0,1298.0,1st Fri,PM
126,camelia,1101.0,1299.0,2nd Mon,PM
127,carleton,1100.0,1498.0,2nd Wed,AM
128,carleton,1101.0,1499.0,2nd Tue,AM
129,carleton,1500.0,1998.0,1st Tue,AM
130,carleton,1501.0,1999.0,1st Mon,AM
131,carleton,2000.0,2198.0,3rd Tue,AM
132,carleton,2001.0,2199.0,3rd Mon,AM
133,carleton,2200.0,2424.0,4th Thurs,AM
134,carleton,2201.0,2499.0,4th Fri,AM
135,carlotta,1200.0,1298.0,3rd Thurs,PM
136,carlotta,1201.0,1299.0,3rd Wed,PM
137,carlotta,1300.0,1398.0,2nd Fri,PM
138,carlotta,1301.0,1399.0,2nd Thurs,PM
139,carrison,1200.0,1398.0,2nd Wed,AM
140,carrison,1201.0,1399.0,2nd Tue,AM
141,catalina,1800.0,1898.0,3rd Thurs,PM
142,catalina,1801.0,1899.0,3rd Wed,PM
143,cedar,830.0,1099.0,1st Tue,PM
144,cedar,831.0,1099.0,1st Mon,PM
145,cedar,1100.0,1498.0,1st Thurs,PM
146,cedar,1201.0,1499.0,1st Wed,PM
147,cedar,1500.0,1576.0,2nd Thurs,PM
148,cedar,1576.0,1998.0,2nd Thurs,PM
149,cedar,1501.0,1999.0,2nd Fri,PM
150,cedar,2000.0,2098.0,3rd Wed,PM
151,cedar,2001.0,2099.0,3rd Thurs,PM
152,chabolyn,152.0,222.0,4th Tue,AM
153,chabolyn,6001.0,6039.0,3rd Fri,AM
154,channing,900.0,1498.0,1st Fri,AM
155,channing,831.0,1499.0,2nd Mon,AM
156,channing,1500.0,1898.0,1st Tue,AM
157,channing,1501.0,1899.0,1st Mon,AM
158,channing,2200.0,2398.0,3rd Mon,PM
159,channing,2201.0,2399.0,3rd Tue,PM
160,channing,2800.0,2998.0,4th Tue,PM
161,channing,2800.0,2998.0,4th Wed,PM
162,chaucer,1100.0,1198.0,1st Fri,AM
163,chaucer,1101.0,1199.0,2nd Mon,AM
164,cherry,2800.0,2898.0,4th Wed,AM
165,cherry,2801.0,2899.0,4th Mon,AM
166,chestnut,1500.0,1998.0,1st Thurs,PM
167,chestnut,1601.0,1699.0,1st Wed,PM
168,chestnut,1701.0,1999.0,1st Wed,PM
169,chilton,2550.0,2598.0,4th Thurs,AM
170,chilton,2551.0,2599.0,4th Fri,AM
171,claremont,2940.0,3306.0,4th Mon,AM
172,claremont,2935.0,3323.0,4th Fri,AM
173,claremont,2600.0,2800.0,4th Wed,AM
174,claremont,2700.0,2728.0,4th Mon,AM
175,claremont,2941.0,2999.0,4th Mon,AM
176,claremont,2941.0,2999.0,4th Wed,AM
177,claremont,2901.0,2929.0,4th Mon,AM
178,claremont,2.0,26.0,4th Wed,AM
179,college,2500.0,3218.0,4th Fri,PM
180,college,2501.0,3199.0,4th Thurs,PM
181,colusa,900.0,1098.0,3rd Wed,PM
182,colusa,901.0,1099.0,3rd Thurs,PM
183,comstock,1500.0,1598.0,2nd Fri,PM
184,comstock,1501.0,1599.0,2nd Thurs,PM
185,cornell,1196.0,1598.0,2nd Mon,PM
186,cornell,1197.0,1599.0,1st Fri,PM
187,cornell,1600.0,1698.0,1st Thurs,PM
188,cornell,1601.0,1699.0,1st Wed,PM
189,cowper,1100.0,1198.0,2nd Mon,AM
190,curtis,1200.0,1598.0,2nd Mon,PM
191,curtis,1201.0,1499.0,1st Fri,PM
192,curtis,1500.0,1998.0,1st Wed,PM
193,curtis,1501.0,1999.0,1st Thurs,PM
194,curtis,2000.0,2498.0,2nd Mon,AM
195,curtis,2001.0,2499.0,1st Fri,AM
196,cypress,1400.0,1414.0,2nd Fri,PM
197,cypress,1401.0,1419.0,2nd Thurs,PM
198,dana,2300.0,2499.0,3rd Tue,PM
199,dana,2398.0,2450.0,3rd Mon,PM
200,dana,2500.0,2698.0,4th Fri,AM
201,dana,2501.0,2699.0,4th Thurs,AM
202,dana,2700.0,2722.0,3rd Wed,AM
203,dana,2701.0,2723.0,3rd Thurs,AM
204,dana,3030.0,3198.0,3rd Wed,AM
205,dana,3099.0,3101.0,3rd Thurs,AM
206,deakin,2900.0,3198.0,3rd Thurs,AM
207,deakin,2901.0,3199.0,3rd Wed,AM
208,delaware,830.0,1099.0,1st Tue,PM
209,delaware,831.0,1099.0,1st Mon,PM
210,delaware,1523.0,1598.0,2nd Tue,PM
211,delaware,1100.0,1498.0,1st Wed,PM
212,delaware,1101.0,1499.0,1st Thurs,PM
213,delaware,1600.0,1998.0,2nd Tue,PM
214,delaware,1601.0,1999.0,2nd Wed,PM
215,derby,1100.0,1498.0,2nd Tue,AM
216,derby,1101.0,1499.0,2nd Wed,AM
217,derby,1500.0,1998.0,1st Mon,AM
218,derby,1501.0,1999.0,1st Tue,AM
219,derby,2000.0,2198.0,3rd Mon,AM
220,derby,2001.0,2199.0,3rd Tue,AM
221,derby,2200.0,2998.0,4th Fri,AM
222,derby,2201.0,2999.0,4th Thurs,AM
223,dohr,2724.0,3098.0,2nd Thurs,AM
224,dohr,2725.0,3099.0,2nd Fri,AM
225,domingo,1.0,69.0,4th Tue,AM
226,domingo,1.0,69.0,3rd Fri,AM
227,dover,3300.0,3349.0,1st Thurs,AM
228,dowling,2401.0,2499.0,3rd Tue,AM
229,dowling,2401.0,2499.0,3rd Mon,AM
230,durant,2200.0,2398.0,3rd Mon,PM
231,durant,2201.0,2399.0,3rd Tue,PM
232,dwight,1100.0,1498.0,2nd Mon,AM
233,dwight,1101.0,1499.0,1st Fri,AM
234,dwight,1500.0,1898.0,1st Mon,AM
235,dwight,1501.0,1899.0,1st Tue,AM
236,dwight,2200.0,2398.0,3rd Mon,PM
237,dwight,2201.0,2399.0,3rd Tue,PM
238,dwight,2800.0,2998.0,4th Wed,PM
239,dwight,2801.0,2909.0,4th Tue,PM
240,dwight,830.0,898.0,2nd Mon,AM
241,dwight,831.0,899.0,1st Fri,AM
242,edith,1400.0,1598.0,2nd Thurs,PM
243,edith,1401.0,1599.0,2nd Fri,PM
244,edith,1600.0,1698.0,2nd Tue,PM
245,edith,1601.0,1699.0,2nd Wed,PM
246,edwards,2300.0,2498.0,1st Fri,AM
247,edwards,2301.0,2499.0,2nd Mon,AM
248,el camino,2.0,118.0,3rd Fri,AM
249,el camino,3.0,83.0,4th Tue,AM
250,el camino,9.0,99.0,4th Tue,AM
251,el camino,10.0,100.0,4th Tue,AM
252,ellis,2901.0,3299.0,1st Wed,AM
253,ellis,2901.0,3299.0,1st Thurs,AM
254,ellsworth,2301.0,2499.0,3rd Mon,PM
255,ellsworth,2301.0,2499.0,3rd Tue,PM
256,ellsworth,2500.0,2698.0,4th Thurs,AM
257,ellsworth,2501.0,2699.0,4th Fri,AM
258,ellsworth,2700.0,2998.0,3rd Thurs,AM
259,ellsworth,2701.0,2999.0,3rd Wed,AM
260,elmwood,2700.0,2799.0,4th Tue,AM
261,elmwood,2701.0,2799.0,3rd Fri,AM
262,elmwood,2960.0,2998.0,4th Mon,AM
263,elmwood,2961.0,2999.0,4th Mon,AM
264,emerson,2000.0,2148.0,3rd Tue,AM
265,emerson,2001.0,2149.0,3rd Mon,AM
266,encina,2.0,10.0,3rd Fri,AM
267,ensenada,700.0,798.0,4th Mon,PM
268,ensenada,701.0,799.0,3rd Fri,PM
269,ensenada,900.0,998.0,3rd Wed,PM
270,ensenada,901.0,999.0,3rd Thurs,PM
271,eola,1700.0,1722.0,2nd Wed,PM
272,eola,1701.0,1723.0,2nd Tue,PM
273,essex,2000.0,2148.0,3rd Mon,AM
274,essex,2001.0,2149.0,3rd Tue,AM
275,etna,2500.0,2698.0,4th Fri,AM
276,etna,2501.0,2699.0,4th Thurs,AM
277,eton,3100.0,3198.0,4th Tue,AM
278,eton,3101.0,3199.0,3rd Fri,AM
279,eton,3200.0,3298.0,3rd Fri,AM
280,eton,3201.0,3299.0,3rd Fri,AM
281,eucalyptus,70.0,120.0,4th Tue,AM
282,eucalyptus,71.0,119.0,3rd Fri,AM
283,eunice,2000.0,2026.0,2nd Thurs,PM
284,eunice,2001.0,2027.0,2nd Thurs,PM
285,evelyn,1200.0,1398.0,2nd Mon,PM
286,evelyn,1201.0,1399.0,1st Fri,PM
287,fairview,1400.0,1498.0,2nd Wed,AM
288,fairview,1401.0,1499.0,2nd Tue,AM
289,fairview,1500.0,1998.0,1st Tue,AM
290,fairview,1501.0,1999.0,1st Mon,AM
291,florence,2900.0,2998.0,3rd Wed,AM
292,florence,2901.0,2999.0,3rd Thurs,AM
293,forest,2700.0,2938.0,4th Tue,AM
294,forest,2701.0,2999.0,3rd Fri,AM
295,francisco,1100.0,1358.0,1st Thurs,PM
296,francisco,1101.0,1359.0,1st Wed,PM
297,francisco,1360.0,1398.0,1st Wed,PM
298,francisco,1361.0,1399.0,1st Wed,PM
299,francisco,1500.0,1998.0,2nd Wed,PM
300,francisco,1501.0,1999.0,2nd Tue,PM
301,franklin,1600.0,1898.0,1st Wed,PM
302,franklin,1601.0,1899.0,1st Thurs,PM
303,fresno,900.0,998.0,3rd Thurs,PM
304,fresno,901.0,999.0,3rd Wed,PM
305,fulton,2300.0,2498.0,3rd Mon,PM
306,fulton,2350.0,2499.0,3rd Tue,PM
307,fulton,2301.0,2349.0,3rd Tue,PM
308,fulton,2500.0,2698.0,4th Fri,AM
309,fulton,2501.0,2699.0,4th Thurs,AM
310,fulton,2700.0,3098.0,3rd Wed,AM
311,fulton,2701.0,3099.0,3rd Thurs,AM
312,garber,2700.0,2898.0,3rd Fri,AM
313,garber,2701.0,2799.0,4th Tue,AM
314,garber,2845.0,2935.0,4th Mon,AM
315,garber,2844.0,2830.0,4th Wed,AM
316,garber,3000.0,3099.0,4th Mon,AM
317,garber,3001.0,3099.0,4th Wed,AM
318,gilman,1100.0,1498.0,1st Fri,PM
319,gilman,1101.0,1499.0,2nd Mon,PM
320,grant,1300.0,1499.0,2nd Thurs,PM
321,grant,1301.0,1699.0,2nd Tue,PM
322,grant,1400.0,1598.0,2nd Fri,PM
323,grant,1401.0,1599.0,2nd Thurs,PM
324,grant,1600.0,1798.0,2nd Wed,PM
325,grant,1601.0,1799.0,2nd Tue,PM
326,grant,1800.0,1898.0,2nd Tue,PM
327,grant,1801.0,1899.0,2nd Tue,PM
328,grant,1900.0,1998.0,2nd Wed,PM
329,grant,1901.0,1999.0,2nd Tue,PM
330,grant,2000.0,2898.0,1st Wed,AM
331,grant,2001.0,2899.0,1st Thurs,AM
332,grizzly peak,400.0,1530.0,4th Fri,PM
333,grizzly peak,401.0,1599.0,4th Thurs,PM
334,halcyon,3020.0,3098.0,3rd Wed,AM
335,halcyon,3001.0,3099.0,3rd Tue,AM
336,harmon,1300.0,1498.0,2nd Tue,AM
337,harmon,1301.0,1499.0,2nd Wed,AM
338,harmon,1500.0,1898.0,1st Mon,AM
339,harmon,1501.0,1999.0,1st Tue,AM
340,harper,2900.0,3199.0,1st Thurs,AM
341,harper,2999.0,3125.0,1st Wed,AM
342,harrison,1100.0,1198.0,2nd Mon,PM
343,harrison,1101.0,1199.0,1st Fri,PM
344,haskell,1200.0,1398.0,2nd Tue,AM
345,haskell,1201.0,1399.0,2nd Wed,AM
346,haste,2200.0,2398.0,3rd Tue,PM
347,haste,2201.0,2399.0,3rd Mon,PM
348,hazel,1.0,91.0,3rd Fri,AM
349,hazel,2.0,90.0,4th Tue,AM
350,hearst,830.0,1098.0,1st Mon,PM
351,hearst,831.0,1099.0,1st Tue,PM
352,hearst,1100.0,1498.0,1st Thurs,PM
353,hearst,1101.0,1499.0,1st Wed,PM
354,hearst,1500.0,1998.0,2nd Wed,PM
355,hearst,1501.0,1999.0,2nd Tue,PM
356,hearst,2000.0,2098.0,3rd Mon,PM
357,hearst,2001.0,2099.0,3rd Tue,PM
358,henry,1200.0,1398.0,3rd Thurs,PM
359,henry,1201.0,1399.0,3rd Wed,PM
360,henry,1400.0,1598.0,3rd Wed,PM
361,henry,1401.0,1599.0,3rd Thurs,PM
362,highland,1800.0,1898.0,4th Fri,PM
363,highland,1801.0,1899.0,4th Thurs,PM
364,hillcrest,2.0,18.0,3rd Fri,AM
365,hillcrest,1.0,19.0,3rd Fri,AM
366,hillcrest,0.0,66.0,4th Tue,AM
367,hillcrest,70.0,222.0,4th Tue,AM
368,hillcrest,71.0,223.0,3rd Fri,AM
369,hillcrest,119.0,,3rd Fri,AM
370,hillcrest,254.0,266.0,3rd Fri,AM
371,hillcrest,257.0,265.0,3rd Fri,AM
372,hillegass,2500.0,2698.0,4th Thurs,AM
373,hillegass,2501.0,2699.0,4th Fri,AM
374,hillegass,2700.0,3098.0,3rd Fri,AM
375,hillegass,2701.0,3099.0,4th Tue,AM
376,hillside,2400.0,2498.0,4th Tue,PM
377,hillside,2401.0,2499.0,4th Wed,PM
378,holly,1500.0,1598.0,2nd Fri,PM
379,holly,1501.0,1599.0,2nd Thurs,PM
380,hopkins,1100.0,1498.0,2nd Mon,PM
381,hopkins,1100.0,1498.0,1st Fri,PM
382,hopkins,1400.0,1498.0,1st Fri,PM
383,hopkins,1401.0,1499.0,2nd Mon,PM
384,hopkins,1500.0,1998.0,2nd Fri,PM
385,hopkins,1501.0,1999.0,2nd Thurs,PM
386,howe,2300.0,2398.0,3rd Mon,AM
387,howe,2301.0,2399.0,3rd Tue,AM
388,idaho,3124.0,3204.0,2nd Thurs,AM
389,idaho,3125.0,3204.0,2nd Fri,AM
390,jaynes,1600.0,1798.0,2nd Fri,PM
391,jaynes,1630.0,1699.0,2nd Thurs,PM
392,jefferson,2000.0,2498.0,1st Wed,AM
393,jefferson,2001.0,2499.0,1st Thurs,AM
394,jones,830.0,1098.0,1st Mon,PM
395,jones,831.0,1099.0,1st Tue,PM
396,jones,1100.0,1198.0,1st Fri,PM
397,jones,1101.0,1199.0,2nd Mon,PM
398,josephine,1200.0,1598.0,2nd Thurs,PM
399,josephine,1201.0,1599.0,2nd Fri,PM
400,josephine,1600.0,1698.0,2nd Wed,PM
401,josephine,1601.0,1699.0,2nd Tue,PM
402,julia,1500.0,1698.0,1st Tue,AM
403,julia,1501.0,1699.0,1st Mon,AM
404,kains,1172.0,1598.0,2nd Mon,PM
405,kains,1171.0,1599.0,1st Fri,PM
406,kains,1600.0,1698.0,1st Thurs,PM
407,kains,1601.0,1699.0,1st Wed,PM
408,kelsey,2800.0,2898.0,4th Wed,AM
409,kelsey,2801.0,2899.0,4th Mon,AM
410,king,2900.0,3398.0,1st Thurs,AM
411,king,2901.0,3399.0,1st Wed,AM
412,lassen,1001.0,1099.0,3rd Wed,PM
413,lassen,1101.0,1198.0,3rd Thurs,PM
414,lewiston,3100.0,3198.0,3rd Fri,AM
415,lewiston,3101.0,3199.0,4th Tue,AM
416,lincoln,1300.0,1348.0,1st Wed,PM
417,lincoln,1300.0,1349.0,1st Wed,PM
418,lincoln,1400.0,1498.0,1st Wed,PM
419,lincoln,1401.0,1499.0,1st Thurs,PM
420,lincoln,1500.0,1798.0,2nd Wed,PM
421,lincoln,1501.0,1799.0,2nd Tue,PM
422,linden,2900.0,2998.0,4th Tue,AM
423,linden,2961.0,2999.0,3rd Fri,AM
424,lorina,2900.0,2998.0,3rd Wed,AM
425,lorina,2901.0,2999.0,3rd Thurs,AM
426,mabel,2500.0,3199.0,2nd Thurs,AM
427,mabel,2501.0,3123.0,2nd Fri,AM
428,magnolia,2960.0,2998.0,3rd Fri,AM
429,magnolia,2901.0,2999.0,4th Tue,AM
430,m l king,1201.0,1599.0,2nd Thurs,PM
431,m l king,1300.0,1598.0,2nd Fri,PM
432,m l king,1600.0,1998.0,2nd Tue,PM
433,m l king,1601.0,1923.0,2nd Wed,PM
434,m l king,2500.0,2898.0,4th Tue,PM
435,m l king,2501.0,2899.0,4th Wed,PM
436,m l king,2900.0,3198.0,1st Wed,AM
437,m l king,2901.0,2999.0,1st Thurs,AM
438,m l king,3300.0,3398.0,1st Thurs,AM
439,masonic,1200.0,1298.0,1st Fri,PM
440,masonic,1201.0,1299.0,2nd Mon,PM
441,matthews,2500.0,2998.0,2nd Thurs,AM
442,matthews,2725.0,2899.0,2nd Fri,AM
443,mcgee,1400.0,1598.0,2nd Fri,PM
444,mcgee,1301.0,1599.0,2nd Thurs,PM
445,mcgee,1600.0,1798.0,2nd Tue,PM
446,mcgee,1601.0,1799.0,2nd Wed,PM
447,mcgee,1800.0,1898.0,2nd Tue,PM
448,mcgee,1801.0,1899.0,2nd Tue,PM
449,mcgee,1900.0,1998.0,2nd Tue,PM
450,mcgee,1901.0,1999.0,2nd Wed,PM
451,mcgee,2000.0,2898.0,1st Thurs,AM
452,mcgee,2001.0,2899.0,1st Wed,AM
453,mckinley,2100.0,2498.0,1st Thurs,AM
454,mckinley,2101.0,2499.0,1st Wed,AM
455,milvia,1101.0,1199.0,2nd Thurs,PM
456,milvia,1200.0,1598.0,2nd Fri,PM
457,milvia,1201.0,1599.0,2nd Thurs,PM
458,milvia,1600.0,1998.0,2nd Wed,PM
459,milvia,1601.0,1999.0,2nd Tue,PM
460,milvia,2550.0,2898.0,1st Wed,AM
461,milvia,2551.0,2899.0,1st Thurs,AM
462,miramonte,1400.0,1498.0,2nd Thurs,PM
463,miramonte,1401.0,1499.0,2nd Thurs,PM
464,modoc,900.0,998.0,3rd Thurs,PM
465,modoc,901.0,999.0,3rd Wed,PM
466,neilson,1200.0,1298.0,1st Fri,PM
467,neilson,1201.0,1299.0,2nd Mon,PM
468,neilson,1201.0,1299.0,1st Fri,PM
469,neilson,1400.0,1498.0,2nd Mon,PM
470,neilson,1401.0,1499.0,1st Fri,PM
471,newbury,2900.0,2998.0,3rd Thurs,AM
472,newbury,2901.0,2999.0,3rd Wed,AM
473,nogales,0.0,6.0,3rd Fri,AM
474,nogales,0.0,1.0,3rd Fri,AM
475,north,1500.0,1598.0,2nd Thurs,PM
476,north,1501.0,1599.0,2nd Thurs,PM
477,northside,1300.0,1398.0,1st Fri,PM
478,northside,1301.0,1399.0,1st Fri,PM
479,northside,1401.0,1499.0,1st Fri,PM
480,northside,1400.0,1498.0,2nd Mon,PM
481,north valley,2100.0,2198.0,1st Fri,AM
482,north valley,2101.0,2199.0,1st Fri,AM
483,oak,2300.0,2348.0,3rd Thurs,PM
484,oak,2301.0,2549.0,3rd Wed,PM
485,oak knoll,2701.0,2799.0,4th Mon,AM
486,oak knoll,2800.0,2828.0,4th Wed,AM
487,oakvale,33.0,67.0,4th Tue,AM
488,oakvale,25.0,25.0,3rd Fri,AM
489,ordway,1200.0,1300.0,1st Fri,PM
490,ordway,1201.0,1599.0,2nd Mon,PM
491,ordway,1300.0,1398.0,1st Thurs,PM
492,ordway,1331.0,1499.0,1st Wed,PM
493,oregon,1100.0,1498.0,2nd Tue,AM
494,oregon,1101.0,1499.0,2nd Wed,AM
495,oregon,1500.0,1998.0,1st Tue,AM
496,oregon,1501.0,1999.0,1st Mon,AM
497,oregon,2000.0,2498.0,3rd Tue,AM
498,oregon,2001.0,2499.0,3rd Mon,AM
499,otis,2900.0,2998.0,1st Thurs,AM
500,otis,2901.0,2999.0,1st Wed,AM
501,page,830.0,1000.0,1st Tue,PM
502,page,831.0,1099.0,1st Mon,PM
503,page,1100.0,1199.0,2nd Mon,PM
504,page,1100.0,1198.0,1st Fri,PM
505,park,2724.0,2998.0,2nd Fri,AM
506,park,2725.0,2999.0,2nd Thurs,AM
507,parker,1100.0,1498.0,2nd Tue,AM
508,parker,1101.0,1499.0,2nd Wed,AM
509,parker,1500.0,1998.0,1st Mon,AM
510,parker,1501.0,1999.0,1st Tue,AM
511,parker,2000.0,2198.0,3rd Mon,AM
512,parker,2001.0,2199.0,3rd Tue,AM
513,parker,2200.0,2898.0,4th Fri,AM
514,parker,2201.0,2899.0,4th Thurs,AM
515,parkside,12.0,90.0,3rd Fri,AM
516,parkside,13.0,89.0,4th Tue,AM
517,peralta,601.0,699.0,3rd Fri,PM
518,peralta,601.0,699.0,4th Mon,PM
519,peralta,701.0,799.0,4th Mon,PM
520,peralta,1200.0,1598.0,2nd Mon,PM
521,peralta,1201.0,1301.0,1st Fri,PM
522,piedmont,2300.0,2499.0,4th Wed,PM
523,piedmont,2301.0,2499.0,4th Tue,PM
524,piedmont,2500.0,2698.0,4th Thurs,AM
525,piedmont,2501.0,2699.0,4th Fri,AM
526,piedmont,2700.0,2898.0,4th Mon,AM
527,piedmont,2701.0,2899.0,4th Wed,AM
528,piedmont,2900.0,2998.0,3rd Fri,AM
529,piedmont,2901.0,2999.0,4th Tue,AM
530,pine,2900.0,2998.0,4th Tue,AM
531,pine,2901.0,2999.0,3rd Fri,AM
532,poe,1300.0,1398.0,2nd Mon,AM
533,poe,1301.0,1399.0,2nd Mon,AM
534,posen,1538.0,1598.0,3rd Wed,PM
535,posen,1537.0,1599.0,3rd Thurs,PM
536,prince,1400.0,1498.0,2nd Tue,AM
537,prince,1401.0,1499.0,2nd Wed,AM
538,prince,1500.0,1898.0,1st Tue,AM
539,prince,1599.0,1821.0,1st Mon,AM
540,prince,2000.0,2398.0,3rd Tue,AM
541,prince,2001.0,2499.0,3rd Mon,AM
542,prince,2700.0,2998.0,4th Tue,AM
543,prince,2701.0,2899.0,3rd Fri,AM
544,prospect,2350.0,2498.0,4th Wed,AM
545,prospect,2301.0,2499.0,4th Tue,PM
546,no q streets,0,0,N/A,N/A
547,regent,2500.0,2698.0,4th Fri,AM
548,regent,2501.0,2699.0,4th Thurs,AM
549,regent,2800.0,2898.0,3rd Thurs,AM
550,regent,2801.0,2899.0,3rd Wed,AM
551,regent,2700.0,2799.0,3rd Wed,AM
552,roanoke,19.0,49.0,3rd Fri,AM
553,roanoke,70.0,122.0,4th Tue,AM
554,roble,6.0,16.0,3rd Fri,AM
555,roble,5.0,17.0,3rd Fri,AM
556,roble,26.0,58.0,3rd Fri,AM
557,roble,23.0,59.0,4th Tue,AM
558,roosevelt,2100.0,2499.0,1st Thurs,AM
559,roosevelt,2101.0,2499.0,1st Wed,AM
560,rose,1200.0,1498.0,1st Wed,PM
561,rose,1201.0,1499.0,1st Thurs,PM
562,rose,1500.0,1998.0,2nd Thurs,PM
563,rose,1501.0,1999.0,2nd Fri,PM
564,rose,2300.0,2348.0,3rd Thurs,PM
565,rose,2301.0,2349.0,3rd Wed,PM
566,roslyn,2.0,16.0,3rd Fri,AM
567,roslyn,2.0,19.0,3rd Fri,AM
568,russell,1100.0,1498.0,2nd Wed,AM
569,russell,1101.0,1499.0,2nd Tue,AM
570,russell,1500.0,1998.0,1st Mon,AM
571,russell,1501.0,1999.0,1st Tue,AM
572,russell,2000.0,2698.0,3rd Mon,AM
573,russell,2001.0,2699.0,3rd Tue,AM
574,russell,2706.0,3000.0,4th Mon,AM
575,russell,2701.0,3099.0,4th Wed,AM
576,sacramento,2100.0,2198.0,3rd Wed,AM
577,sacramento,2101.0,2199.0,3rd Thurs,AM
578,sacramento,2400.0,2498.0,3rd Wed,AM
579,sacramento,2401.0,2499.0,3rd Thurs,AM
580,san antonio,1800.0,1898.0,4th Mon,PM
581,san antonio,1801.0,1899.0,3rd Fri,PM
582,san lorenzo,1515.0,1559.0,4th Mon,PM
583,san lorenzo,1542.0,1598.0,3rd Fri,PM
584,san miguel,1720.0,1798.0,3rd Fri,PM
585,san miguel,1721.0,1799.0,4th Mon,PM
586,santa fe,1200.0,1428.0,1st Fri,PM
587,santa fe,1199.0,1401.0,2nd Mon,PM
588,santa rosa,600.0,699.0,3rd Fri,PM
589,santa rosa,601.0,749.0,4th Mon,PM
590,short,1600.0,1699.0,1st Wed,PM
591,short,1800.0,1899.0,1st Wed,PM
592,spaulding,2100.0,2498.0,1st Wed,AM
593,spaulding,2101.0,2499.0,1st Thurs,AM
594,stannage,1200.0,1598.0,1st Fri,PM
595,stannage,1201.0,1599.0,2nd Mon,PM
596,stannage,1600.0,1698.0,1st Wed,PM
597,stannage,1601.0,1699.0,1st Thurs,PM
598,stanton,2824.0,3098.0,2nd Fri,AM
599,stanton,2825.0,3099.0,2nd Thurs,AM
600,station,853.0,858.0,3rd Wed,PM
601,stuart,1500.0,1998.0,1st Mon,AM
602,stuart,1501.0,1999.0,1st Tue,AM
603,stuart,2000.0,2598.0,3rd Mon,AM
604,stuart,2001.0,2599.0,3rd Tue,AM
605,stuart,2600.0,2898.0,3rd Fri,AM
606,stuart,2601.0,2799.0,4th Tue,AM
607,sutter,1000.0,1198.0,3rd Thurs,PM
608,sutter,1101.0,1199.0,3rd Wed,PM
609,talbot,1200.0,1428.0,1st Fri,PM
610,talbot,1201.0,1399.0,2nd Mon,PM
611,tanglewood,10.0,28.0,4th Mon,AM
612,tanglewood,2940.0,2998.0,4th Wed,AM
613,tevlin,1200.0,1398.0,1st Fri,PM
614,tevlin,1201.0,1379.0,1st Fri,PM
615,the plaza,12.0,88.0,4th Tue,AM
616,the plaza,13.0,89.0,4th Tue,AM
617,the plaza,0.0,41.0,3rd Fri,AM
618,the plaza,41.0,131.0,3rd Fri,AM
619,the plaza,128.0,155.0,3rd Fri,AM
620,the uplands,26.0,225.0,4th Tue,AM
621,the uplands,26.0,224.0,3rd Fri,AM
622,thousand oaks,1532.0,2098.0,3rd Fri,PM
623,thousand oaks,2000.0,2098.0,3rd Fri,PM
624,thousand oaks,1531.0,2199.0,4th Mon,PM
625,tremont,3000.0,3199.0,1st Wed,AM
626,tremont,3001.0,3199.0,1st Thurs,AM
627,tyler,1500.0,1698.0,1st Mon,AM
628,tyler,1501.0,1699.0,1st Tue,AM
629,vallejo,1800.0,1898.0,4th Mon,PM
630,vallejo,1901.0,1999.0,3rd Fri,PM
631,valley,2300.0,2398.0,2nd Mon,AM
632,valley,2301.0,2399.0,2nd Mon,AM
633,valley,2400.0,2498.0,2nd Mon,AM
634,valley,2401.0,2499.0,1st Fri,AM
635,vicente,1.0,95.0,4th Tue,AM
636,vicente,2.0,94.0,3rd Fri,AM
637,vicente,150.0,181.0,4th Tue,AM
638,vincente,801.0,899.0,4th Mon,PM
639,vine,1600.0,1998.0,2nd Fri,PM
640,vine,1601.0,1999.0,2nd Thurs,PM
641,vine,2300.0,2390.0,3rd Fri,PM
642,vine,2301.0,2449.0,4th Mon,PM
643,virginia,830.0,1098.0,1st Mon,PM
644,virginia,831.0,1099.0,1st Tue,PM
645,virginia,1100.0,1498.0,1st Wed,PM
646,virginia,1101.0,1499.0,1st Thurs,PM
647,virginia,1500.0,1698.0,2nd Tue,PM
648,virginia,1501.0,1999.0,2nd Wed,PM
649,virginia,2000.0,2098.0,3rd Tue,PM
650,virginia,2001.0,2099.0,3rd Mon,PM
651,virginia gardens,1600.0,1698.0,1st Wed,PM
652,virginia gardens,1601.0,1699.0,1st Wed,PM
653,walker,2700.0,2722.0,3rd Wed,AM
654,walker,2701.0,2723.0,3rd Wed,AM
655,wallace,2724.0,2898.0,2nd Fri,AM
656,wallace,2725.0,2899.0,2nd Thurs,AM
657,walnut,1800.0,1898.0,3rd Tue,PM
658,walnut,1800.0,1899.0,3rd Mon,PM
659,ward,1100.0,1498.0,2nd Wed,AM
660,ward,1101.0,1499.0,2nd Tue,AM
661,ward,1500.0,1998.0,1st Tue,AM
662,ward,1501.0,1999.0,1st Mon,AM
663,ward,2000.0,2424.0,3rd Tue,AM
664,ward,2001.0,2425.0,3rd Mon,AM
665,warring,2300.0,2498.0,4th Tue,PM
666,warring,2351.0,2499.0,4th Wed,PM
667,warring,2500.0,2698.0,4th Fri,AM
668,warring,2501.0,2699.0,4th Thurs,AM
669,watkins,1300.0,1398.0,2nd Mon,PM
670,watkins,1300.0,1398.0,1st Fri,PM
671,webster,2250.0,2398.0,3rd Tue,AM
672,webster,2251.0,2399.0,3rd Mon,AM
673,webster,2600.0,2998.0,3rd Fri,AM
674,webster,2601.0,2999.0,4th Tue,AM
675,west,2300.0,2498.0,1st Fri,AM
676,west,2301.0,2499.0,2nd Mon,AM
677,wheeler,2900.0,3198.0,3rd Thurs,AM
678,wheeler,3001.0,3123.0,3rd Wed,AM
679,woolsey,1501.0,1899.0,1st Tue,AM
680,woolsey,1598.0,1820.0,1st Mon,AM
681,woolsey,1901.0,2599.0,3rd Tue,AM
682,woolsey,2000.0,2598.0,3rd Mon,AM
683,woolsey,2600.0,2994.0,4th Tue,AM
684,woolsey,2601.0,2899.0,3rd Fri,AM
685,yolo,1900.0,2026.0,2nd Thurs,PM
686,yolo,1901.0,1999.0,2nd Fri,PM
687,yolo,1901.0,2027.0,2nd Fri,PM
688,yosemite,2000.0,2098.0,3rd Fri,PM
689,yosemite,2001.0,2099.0,4th Mon,PM
690,6th,1400.0,1998.0,1st  Tue,PM
691,6th,1401.0,1999.0,1st  Mon,PM
692,6th,2000.0,2498.0,2nd  Mon,AM
693,6th,2001.0,2499.0,1st  Fri,AM
694,7th,1400.0,1598.0,1st  Mon,PM
695,7th,1500.0,1998.0,1st  Mon,PM
696,7th,1401.0,1999.0,1st  Tue,PM
697,7th,2000.0,2498.0,1st  Fri,AM
698,7th,2001.0,2499.0,2nd  Mon,AM
699,8th,1400.0,1998.0,1st  Tue,PM
700,8th,1401.0,1999.0,1st  Mon,PM
701,8th,2000.0,2498.0,2nd  Mon,AM
702,8th,2001.0,2499.0,1st  Fri,AM
703,9th,1400.0,1998.0,1st  Mon,PM
704,9th,1401.0,1999.0,1st  Tue,PM
705,9th,2000.0,2498.0,1st  Fri,AM
706,9th,2001.0,2499.0,2nd  Mon,AM
707,10th,1400.0,1998.0,1st  Tue,PM
708,10th,1401.0,1999.0,1st  Mon,PM
709,10th,2000.0,2498.0,2nd  Mon,AM
710,10th,2001.0,2499.0,1st  Fri,AM
711,62nd,1600.0,1998.0,1st  Mon,AM
712,62nd,1601.0,1999.0,1st  Tue,AM
713,63rd,1600.0,1998.0,1st  Tue,AM
714,63rd,1601.0,1999.0,1st  Mon,AM
715,65th,1264.0,1298.0,2nd Wed,AM
716,65th,1201.0,1299.0,2nd  Tue,AM
717,66th,1200.0,1498.0,2nd  Tue,AM
718,66th,1263.0,1499.0,2nd Wed,AM
719,67th,1264.0,1498.0,2nd Wed,AM
720,67th,1201.0,1499.0,2nd  Tue,AM